{"0": {"precision": 0.7413793103448276, "recall": 0.7818181818181819, "f1-score": 0.7610619469026548, "support": 165.0}, "1": {"precision": 0.0, "recall": 0.0, "f1-score": 0.0, "support": 0.0}, "2": {"precision": 0.5108695652173914, "recall": 0.4392523364485981, "f1-score": 0.4723618090452262, "support": 107.0}, "3": {"precision": 0.6176470588235294, "recall": 0.328125, "f1-score": 0.42857142857142855, "support": 128.0}, "4": {"precision": 0.0, "recall": 0.0, "f1-score": 0.0, "support": 0.0}, "accuracy": 0.545, "macro avg": {"precision": 0.3739791868771497, "recall": 0.309839103653356, "f1-score": 0.3323990369038619, "support": 400.0}, "weighted avg": {"precision": 0.6401236330364231, "recall": 0.545, "f1-score": 0.5774376941598003, "support": 400.0}}