{"0": {"precision": 0.8095238095238095, "recall": 0.8095238095238095, "f1-score": 0.8095238095238095, "support": 42.0}, "1": {"precision": 0.9298245614035088, "recall": 0.9298245614035088, "f1-score": 0.9298245614035088, "support": 114.0}, "accuracy": 0.8974358974358975, "macro avg": {"precision": 0.8696741854636592, "recall": 0.8696741854636592, "f1-score": 0.8696741854636592, "support": 156.0}, "weighted avg": {"precision": 0.8974358974358975, "recall": 0.8974358974358975, "f1-score": 0.8974358974358975, "support": 156.0}}