{"0": {"precision": 0.968, "recall": 0.6914285714285714, "f1-score": 0.8066666666666666, "support": 350.0}, "1": {"precision": 0.852, "recall": 0.9063829787234042, "f1-score": 0.8783505154639175, "support": 235.0}, "2": {"precision": 0.448, "recall": 0.8421052631578947, "f1-score": 0.5848563968668408, "support": 133.0}, "3": {"precision": 0.884, "recall": 0.7836879432624113, "f1-score": 0.830827067669173, "support": 282.0}, "accuracy": 0.788, "macro avg": {"precision": 0.7879999999999999, "recall": 0.8059011891430704, "f1-score": 0.7751751616666495, "support": 1000.0}, "weighted avg": {"precision": 0.8478920000000001, "recall": 0.788, "f1-score": 0.8008248383333505, "support": 1000.0}}