{"0": {"precision": 0.7264957264957265, "recall": 0.9714285714285714, "f1-score": 0.8312958435207823, "support": 175.0}, "1": {"precision": 0.9871794871794872, "recall": 0.8574610244988864, "f1-score": 0.9177592371871276, "support": 449.0}, "accuracy": 0.8894230769230769, "macro avg": {"precision": 0.8568376068376069, "recall": 0.9144447979637289, "f1-score": 0.874527540353955, "support": 624.0}, "weighted avg": {"precision": 0.9140710607056761, "recall": 0.8894230769230769, "f1-score": 0.8935106892839059, "support": 624.0}}